"rank","config","method","scale","psm","preprocess_ms","ocr_ms","end_to_end_ms","fully_exact_runs","runs","all_runs_exact","phrase_accuracy","smallest_100pct_size_px","found_arimo_light_8px","found_arimo_light_10px","found_arimo_light_12px","found_arimo_light_14px","found_arimo_light_16px","found_arimo_light_18px","found_arimo_light_20px","found_arimo_light_22px","found_arimo_light_24px","found_arimo_dark_8px","found_arimo_dark_10px","found_arimo_dark_12px","found_arimo_dark_14px","found_arimo_dark_16px","found_arimo_dark_18px","found_arimo_dark_20px","found_arimo_dark_22px","found_arimo_dark_24px","found_courier_prime_light_8px","found_courier_prime_light_10px","found_courier_prime_light_12px","found_courier_prime_light_14px","found_courier_prime_light_16px","found_courier_prime_light_18px","found_courier_prime_light_20px","found_courier_prime_light_22px","found_courier_prime_light_24px","found_courier_prime_dark_8px","found_courier_prime_dark_10px","found_courier_prime_dark_12px","found_courier_prime_dark_14px","found_courier_prime_dark_16px","found_courier_prime_dark_18px","found_courier_prime_dark_20px","found_courier_prime_dark_22px","found_courier_prime_dark_24px","found_atkinson_hyperlegible_light_8px","found_atkinson_hyperlegible_light_10px","found_atkinson_hyperlegible_light_12px","found_atkinson_hyperlegible_light_14px","found_atkinson_hyperlegible_light_16px","found_atkinson_hyperlegible_light_18px","found_atkinson_hyperlegible_light_20px","found_atkinson_hyperlegible_light_22px","found_atkinson_hyperlegible_light_24px","found_atkinson_hyperlegible_dark_8px","found_atkinson_hyperlegible_dark_10px","found_atkinson_hyperlegible_dark_12px","found_atkinson_hyperlegible_dark_14px","found_atkinson_hyperlegible_dark_16px","found_atkinson_hyperlegible_dark_18px","found_atkinson_hyperlegible_dark_20px","found_atkinson_hyperlegible_dark_22px","found_atkinson_hyperlegible_dark_24px","found_jetbrains_mono_light_8px","found_jetbrains_mono_light_10px","found_jetbrains_mono_light_12px","found_jetbrains_mono_light_14px","found_jetbrains_mono_light_16px","found_jetbrains_mono_light_18px","found_jetbrains_mono_light_20px","found_jetbrains_mono_light_22px","found_jetbrains_mono_light_24px","found_jetbrains_mono_dark_8px","found_jetbrains_mono_dark_10px","found_jetbrains_mono_dark_12px","found_jetbrains_mono_dark_14px","found_jetbrains_mono_dark_16px","found_jetbrains_mono_dark_18px","found_jetbrains_mono_dark_20px","found_jetbrains_mono_dark_22px","found_jetbrains_mono_dark_24px","light_phrase_accuracy","dark_phrase_accuracy","size_8px_accuracy","size_10px_accuracy","size_12px_accuracy","size_14px_accuracy","size_16px_accuracy","size_18px_accuracy","size_20px_accuracy","size_22px_accuracy","size_24px_accuracy","accuracy_arimo_dark","accuracy_arimo_light","accuracy_atkinson_hyperlegible_dark","accuracy_atkinson_hyperlegible_light","accuracy_courier_prime_dark","accuracy_courier_prime_light","accuracy_jetbrains_mono_dark","accuracy_jetbrains_mono_light","smallest_100pct_arimo_dark_size_px","smallest_100pct_arimo_light_size_px","smallest_100pct_atkinson_hyperlegible_dark_size_px","smallest_100pct_atkinson_hyperlegible_light_size_px","smallest_100pct_courier_prime_dark_size_px","smallest_100pct_courier_prime_light_size_px","smallest_100pct_jetbrains_mono_dark_size_px","smallest_100pct_jetbrains_mono_light_size_px"
"1","full_image_color_x3_psm11","color","3","11","980.6241120095365","9587.677216972224","10585.76212497428","0","3","False","0.9027777777777778","14","0","3","3","3","3","3","3","3","3","3","0","3","3","3","3","3","3","3","0","3","3","3","3","3","3","3","3","3","3","3","3","3","3","3","3","3","0","3","3","3","3","3","3","3","3","0","3","3","3","3","3","3","3","3","3","3","3","3","3","3","3","3","3","0","3","0","3","3","3","3","3","3","0.9166666666666666","0.8888888888888888","0.375","0.875","0.875","1.0","1.0","1.0","1.0","1.0","1.0","0.8888888888888888","0.8888888888888888","0.8888888888888888","0.8888888888888888","1.0","0.8888888888888888","0.7777777777777778","1.0","8","10","10","10","8","10","10","8"
"2","full_image_color_x3_psm12","color","3","12","1081.2947649974376","10495.867302000988","11595.232535037212","0","3","False","0.9027777777777778","14","0","3","3","3","3","3","3","3","3","3","0","3","3","3","3","3","3","3","0","3","3","3","3","3","3","3","3","3","3","3","3","3","3","3","3","3","0","3","3","3","3","3","3","3","3","0","3","3","3","3","3","3","3","3","3","3","3","3","3","3","3","3","3","0","3","0","3","3","3","3","3","3","0.9166666666666666","0.8888888888888888","0.375","0.875","0.875","1.0","1.0","1.0","1.0","1.0","1.0","0.8888888888888888","0.8888888888888888","0.8888888888888888","0.8888888888888888","1.0","0.8888888888888888","0.7777777777777778","1.0","8","10","10","10","8","10","10","8"
"3","full_image_grayscale_x2_psm6","grayscale","2","6","225.00323998974636","3732.9147750278935","3957.91801501764","0","3","False","0.875","14","0","3","3","3","3","3","3","3","3","3","0","3","3","3","3","3","3","3","3","3","3","3","3","3","3","3","3","3","3","3","3","3","3","3","3","3","0","0","3","3","3","3","3","3","0","3","3","3","3","3","3","3","3","3","3","0","3","3","3","3","3","3","3","0","3","0","3","3","3","3","3","0","0.8611111111111112","0.8888888888888888","0.625","0.625","0.875","1.0","1.0","1.0","1.0","1.0","0.75","0.8888888888888888","0.8888888888888888","1.0","0.6666666666666666","1.0","1.0","0.6666666666666666","0.8888888888888888","8","10","8","12","8","8","10","8"
"4","full_image_autocontrast_x3_psm11","autocontrast","3","11","470.9939300082624","5348.835907003377","5863.491088966839","0","3","False","0.875","14","0","3","3","3","3","3","3","3","3","3","0","3","3","3","3","3","3","3","0","3","3","3","3","3","3","3","3","3","3","3","3","3","3","3","3","3","0","3","3","3","3","3","3","3","3","0","3","3","3","3","3","3","3","3","0","3","3","3","3","3","3","3","0","0","3","0","3","3","3","3","3","3","0.8611111111111112","0.8888888888888888","0.25","0.875","0.875","1.0","1.0","1.0","1.0","1.0","0.875","0.8888888888888888","0.8888888888888888","0.8888888888888888","0.8888888888888888","1.0","0.8888888888888888","0.7777777777777778","0.7777777777777778","8","10","10","10","8","10","10","10"
"5","full_image_autocontrast_x3_psm12","autocontrast","3","12","464.35757499421015","5804.352492967155","6268.710067961365","0","3","False","0.875","14","0","3","3","3","3","3","3","3","3","3","0","3","3","3","3","3","3","3","0","3","3","3","3","3","3","3","3","3","3","3","3","3","3","3","3","3","0","3","3","3","3","3","3","3","3","0","3","3","3","3","3","3","3","3","0","3","3","3","3","3","3","3","0","0","3","0","3","3","3","3","3","3","0.8611111111111112","0.8888888888888888","0.25","0.875","0.875","1.0","1.0","1.0","1.0","1.0","0.875","0.8888888888888888","0.8888888888888888","0.8888888888888888","0.8888888888888888","1.0","0.8888888888888888","0.7777777777777778","0.7777777777777778","8","10","10","10","8","10","10","10"
"6","full_image_autocontrast_x2_psm6","autocontrast","2","6","248.13571805134416","4050.93070800649","4299.066426057834","0","3","False","0.8611111111111112","16","0","3","3","3","3","3","3","3","3","3","0","3","3","3","3","3","3","3","0","3","3","3","3","3","3","3","3","3","3","3","3","3","3","3","3","3","0","0","3","0","3","3","3","3","3","0","3","3","3","3","3","3","3","3","3","0","3","3","3","3","3","3","3","0","3","0","3","3","3","3","3","3","0.8333333333333334","0.8888888888888888","0.375","0.625","0.875","0.875","1.0","1.0","1.0","1.0","1.0","0.8888888888888888","0.8888888888888888","0.8888888888888888","0.6666666666666666","1.0","0.8888888888888888","0.7777777777777778","0.8888888888888888","8","10","10","12","8","10","10","8"
"7","full_image_grayscale_x3_psm11","grayscale","3","11","428.30559896538034","5078.166320046876","5504.027602029964","0","3","False","0.8611111111111112","14","0","3","3","3","3","3","3","3","3","3","0","3","3","3","3","3","3","3","0","3","3","3","3","3","3","3","3","3","3","3","3","3","3","3","3","3","0","0","3","3","3","3","3","3","3","0","3","3","3","3","3","3","3","3","0","3","3","3","3","3","3","3","0","0","3","0","3","3","3","3","3","3","0.8333333333333334","0.8888888888888888","0.25","0.75","0.875","1.0","1.0","1.0","1.0","1.0","0.875","0.8888888888888888","0.8888888888888888","0.8888888888888888","0.7777777777777778","1.0","0.8888888888888888","0.7777777777777778","0.7777777777777778","8","10","10","12","8","10","10","10"
"8","full_image_grayscale_x3_psm12","grayscale","3","12","440.6631150050089","5324.5152740273625","5765.178389032371","0","3","False","0.8611111111111112","14","0","3","3","3","3","3","3","3","3","3","0","3","3","3","3","3","3","3","0","3","3","3","3","3","3","3","3","3","3","3","3","3","3","3","3","3","0","0","3","3","3","3","3","3","3","0","3","3","3","3","3","3","3","3","0","3","3","3","3","3","3","3","0","0","3","0","3","3","3","3","3","3","0.8333333333333334","0.8888888888888888","0.25","0.75","0.875","1.0","1.0","1.0","1.0","1.0","0.875","0.8888888888888888","0.8888888888888888","0.8888888888888888","0.7777777777777778","1.0","0.8888888888888888","0.7777777777777778","0.7777777777777778","8","10","10","12","8","10","10","10"
"9","full_image_color_x2_psm11","color","2","11","536.8168920394965","5460.885667009279","5953.955793986097","0","3","False","0.8472222222222222","16","0","0","3","3","3","3","3","3","3","3","0","3","3","3","3","3","3","3","0","3","3","3","3","3","3","3","3","3","3","3","3","3","3","3","3","3","0","0","3","3","3","3","3","3","3","0","3","3","3","3","3","3","3","3","0","3","3","3","3","3","3","3","3","0","3","0","0","3","3","3","3","3","0.8333333333333334","0.8611111111111112","0.25","0.625","0.875","0.875","1.0","1.0","1.0","1.0","1.0","0.8888888888888888","0.7777777777777778","0.8888888888888888","0.7777777777777778","1.0","0.8888888888888888","0.6666666666666666","0.8888888888888888","8","12","10","12","8","10","10","10"
"10","full_image_color_x2_psm6","color","2","6","514.0072500216775","5645.228860958014","6160.467144974973","0","3","False","0.8472222222222222","16","0","3","3","3","3","3","3","3","3","3","0","3","0","3","3","3","3","3","3","3","3","3","3","3","3","3","3","3","3","3","3","3","3","3","3","3","0","0","3","3","3","3","3","3","0","0","3","3","3","3","3","3","3","0","3","0","3","3","3","3","3","3","3","0","3","0","3","3","3","3","3","3","0.8611111111111112","0.8333333333333334","0.5","0.625","0.875","0.875","1.0","1.0","1.0","1.0","0.75","0.7777777777777778","0.8888888888888888","0.7777777777777778","0.6666666666666666","1.0","1.0","0.7777777777777778","0.8888888888888888","8","10","10","12","8","8","10","8"
"11","full_image_color_x2_psm12","color","2","12","518.243569007609","5813.653348013759","6312.294712930452","0","3","False","0.8472222222222222","16","0","0","3","3","3","3","3","3","3","3","0","3","3","3","3","3","3","3","0","3","3","3","3","3","3","3","3","3","3","3","3","3","3","3","3","3","0","0","3","3","3","3","3","3","3","0","3","3","3","3","3","3","3","3","0","3","3","3","3","3","3","3","3","0","3","0","0","3","3","3","3","3","0.8333333333333334","0.8611111111111112","0.25","0.625","0.875","0.875","1.0","1.0","1.0","1.0","1.0","0.8888888888888888","0.7777777777777778","0.8888888888888888","0.7777777777777778","1.0","0.8888888888888888","0.6666666666666666","0.8888888888888888","8","12","10","12","8","10","10","10"
"12","full_image_autocontrast_x2_psm3","autocontrast","2","3","242.74668795987964","3270.992835983634","3518.6959140119143","0","3","False","0.8333333333333334","16","0","0","3","3","3","3","3","3","3","3","0","3","3","3","3","3","3","3","0","0","3","3","3","3","3","3","3","3","3","3","3","3","3","3","3","3","0","0","3","3","3","3","3","3","3","0","3","3","3","3","3","3","3","3","3","3","3","0","3","3","3","3","0","0","3","0","3","3","3","3","3","3","0.7777777777777778","0.8888888888888888","0.375","0.5","0.875","0.875","1.0","1.0","1.0","1.0","0.875","0.8888888888888888","0.7777777777777778","0.8888888888888888","0.7777777777777778","1.0","0.7777777777777778","0.7777777777777778","0.7777777777777778","8","12","10","12","8","12","10","8"
"13","full_image_autocontrast_x2_psm11","autocontrast","2","11","264.2915860051289","3652.1932629984803","3916.4848490036093","0","3","False","0.8333333333333334","14","0","0","3","3","3","3","3","3","3","3","0","3","3","3","3","3","3","3","0","0","3","3","3","3","3","3","3","3","3","3","3","3","3","3","3","3","0","0","3","3","3","3","3","3","3","0","3","0","3","3","3","3","3","3","0","3","3","3","3","3","3","3","3","0","3","0","3","3","3","3","3","3","0.8055555555555556","0.8611111111111112","0.25","0.5","0.75","1.0","1.0","1.0","1.0","1.0","1.0","0.8888888888888888","0.7777777777777778","0.7777777777777778","0.7777777777777778","1.0","0.7777777777777778","0.7777777777777778","0.8888888888888888","8","12","10","12","8","12","10","10"
"14","full_image_autocontrast_x2_psm12","autocontrast","2","12","252.69832398043945","3902.822883974295","4167.689711030107","0","3","False","0.8333333333333334","14","0","0","3","3","3","3","3","3","3","3","0","3","3","3","3","3","3","3","0","0","3","3","3","3","3","3","3","3","3","3","3","3","3","3","3","3","0","0","3","3","3","3","3","3","3","0","3","0","3","3","3","3","3","3","0","3","3","3","3","3","3","3","3","0","3","0","3","3","3","3","3","3","0.8055555555555556","0.8611111111111112","0.25","0.5","0.75","1.0","1.0","1.0","1.0","1.0","1.0","0.8888888888888888","0.7777777777777778","0.7777777777777778","0.7777777777777778","1.0","0.7777777777777778","0.7777777777777778","0.8888888888888888","8","12","10","12","8","12","10","10"
"15","full_image_grayscale_x2_psm3","grayscale","2","3","258.6727209854871","3961.384284950327","4193.112274981104","0","3","False","0.8194444444444444","14","0","0","3","3","3","3","3","3","3","0","0","3","3","3","3","3","3","3","0","0","3","3","3","3","3","3","3","3","3","3","3","3","3","3","3","3","0","0","0","3","3","3","3","3","3","0","3","3","3","3","3","3","3","3","3","3","3","3","3","3","3","3","0","0","3","0","3","3","3","3","3","3","0.7777777777777778","0.8611111111111112","0.25","0.5","0.75","1.0","1.0","1.0","1.0","1.0","0.875","0.7777777777777778","0.7777777777777778","0.8888888888888888","0.6666666666666666","1.0","0.7777777777777778","0.7777777777777778","0.8888888888888888","12","12","10","14","8","12","10","8"
"16","full_image_color_x2_psm3","color","2","3","499.90481103304774","5349.670209980104","5849.575021013152","0","3","False","0.8194444444444444","16","0","0","3","3","3","3","3","3","3","0","0","3","3","3","3","3","3","3","0","3","3","3","3","3","3","3","3","3","3","3","3","3","3","3","3","3","0","0","3","3","3","3","3","3","3","0","3","3","3","3","3","3","3","3","3","3","3","0","3","3","3","3","0","0","3","0","0","3","3","3","3","3","0.8055555555555556","0.8333333333333334","0.25","0.625","0.875","0.75","1.0","1.0","1.0","1.0","0.875","0.7777777777777778","0.7777777777777778","0.8888888888888888","0.7777777777777778","1.0","0.8888888888888888","0.6666666666666666","0.7777777777777778","12","12","10","12","8","10","10","8"
"17","full_image_grayscale_x2_psm11","grayscale","2","11","226.10376903321594","3575.2342569758184","3801.3380260090344","0","3","False","0.8055555555555556","14","0","0","3","3","3","3","3","3","3","0","0","3","3","3","3","3","3","3","0","0","3","3","3","3","3","3","3","3","3","3","3","3","3","3","3","3","0","0","3","3","3","3","3","3","3","0","3","0","3","3","3","3","3","3","0","0","3","3","3","3","3","3","3","0","3","0","3","3","3","3","3","3","0.7777777777777778","0.8333333333333334","0.125","0.375","0.75","1.0","1.0","1.0","1.0","1.0","1.0","0.7777777777777778","0.7777777777777778","0.7777777777777778","0.7777777777777778","1.0","0.7777777777777778","0.7777777777777778","0.7777777777777778","12","12","10","12","8","12","10","12"
"18","full_image_grayscale_x2_psm12","grayscale","2","12","226.6146710026078","3610.6419129646383","3837.6566259539686","0","3","False","0.8055555555555556","14","0","0","3","3","3","3","3","3","3","0","0","3","3","3","3","3","3","3","0","0","3","3","3","3","3","3","3","3","3","3","3","3","3","3","3","3","0","0","3","3","3","3","3","3","3","0","3","0","3","3","3","3","3","3","0","0","3","3","3","3","3","3","3","0","3","0","3","3","3","3","3","3","0.7777777777777778","0.8333333333333334","0.125","0.375","0.75","1.0","1.0","1.0","1.0","1.0","1.0","0.7777777777777778","0.7777777777777778","0.7777777777777778","0.7777777777777778","1.0","0.7777777777777778","0.7777777777777778","0.7777777777777778","12","12","10","12","8","12","10","12"
"19","full_image_autocontrast_x3_psm6","autocontrast","3","6","451.2287800316699","4905.517136969138","5374.344724987168","0","3","False","0.8055555555555556","14","0","3","3","3","3","3","0","0","3","3","0","3","3","3","3","3","3","0","0","3","3","3","3","3","3","3","3","3","3","3","3","3","3","3","3","0","0","0","3","3","3","3","3","3","3","0","3","0","3","3","3","3","3","3","3","3","3","3","3","3","3","3","3","0","3","0","3","0","3","3","3","3","0.8333333333333334","0.7777777777777778","0.375","0.75","0.75","1.0","0.875","1.0","0.875","0.875","0.75","0.7777777777777778","0.6666666666666666","0.7777777777777778","0.7777777777777778","0.8888888888888888","0.8888888888888888","0.6666666666666666","1.0","8","10","10","12","8","10","10","8"
"20","full_image_autocontrast_x3_psm3","autocontrast","3","3","477.0856089890003","5424.262512999121","5901.348121988121","0","3","False","0.8055555555555556","22","0","3","3","3","3","3","3","3","3","3","0","3","3","3","3","3","3","3","3","3","3","3","3","3","3","3","0","3","3","3","3","3","0","3","3","0","0","0","3","3","3","3","3","3","3","0","3","3","3","3","3","0","3","3","3","3","3","0","3","3","3","3","0","0","3","0","3","0","3","3","3","3","0.8333333333333334","0.7777777777777778","0.5","0.75","0.875","0.875","0.875","0.875","0.875","1.0","0.625","0.8888888888888888","0.8888888888888888","0.7777777777777778","0.7777777777777778","0.7777777777777778","0.8888888888888888","0.6666666666666666","0.7777777777777778","8","10","10","12","8","8","10","8"
"21","full_image_grayscale_x3_psm6","grayscale","3","6","433.6821679607965","4646.005532995332","5088.218546996359","0","3","False","0.7916666666666666","14","0","3","0","3","3","3","0","0","3","3","0","3","3","3","3","3","3","3","0","3","3","3","3","3","3","3","3","3","3","3","3","3","3","3","3","0","0","0","3","3","3","3","3","3","3","0","3","0","3","3","3","3","3","3","3","3","3","3","3","3","3","3","0","0","3","0","3","0","3","3","3","3","0.7777777777777778","0.8055555555555556","0.375","0.75","0.625","1.0","0.875","1.0","0.875","0.875","0.75","0.8888888888888888","0.5555555555555556","0.7777777777777778","0.7777777777777778","0.8888888888888888","0.8888888888888888","0.6666666666666666","0.8888888888888888","8","10","10","12","8","10","10","8"
"22","full_image_color_x3_psm6","color","3","6","968.7206079834141","9231.076230003964","10199.796837987378","0","3","False","0.7916666666666666","14","3","3","0","3","3","3","0","0","3","3","0","3","3","3","3","3","3","0","0","3","3","3","3","3","3","3","3","3","3","3","3","3","3","3","3","0","0","0","3","3","3","3","3","3","3","0","3","0","3","3","3","3","3","0","3","3","3","3","3","3","3","3","0","0","3","0","3","3","3","3","3","3","0.8055555555555556","0.7777777777777778","0.5","0.75","0.625","1.0","1.0","1.0","0.875","0.875","0.5","0.7777777777777778","0.6666666666666666","0.6666666666666666","0.7777777777777778","0.8888888888888888","0.8888888888888888","0.7777777777777778","0.8888888888888888","8","8","10","12","8","10","10","8"
"23","full_image_grayscale_x3_psm3","grayscale","3","3","453.60938599333167","5137.02080398798","5570.014884986449","0","3","False","0.7638888888888888","","0","3","0","3","3","3","3","3","3","3","0","3","3","3","3","3","3","3","0","3","3","3","3","3","3","3","0","3","3","3","3","3","0","3","3","0","0","0","3","3","3","3","3","3","3","0","3","3","3","3","3","0","0","3","3","3","3","0","3","3","3","3","0","0","3","0","3","0","3","3","3","3","0.7777777777777778","0.75","0.375","0.75","0.75","0.875","0.875","0.875","0.875","0.875","0.625","0.8888888888888888","0.7777777777777778","0.6666666666666666","0.7777777777777778","0.7777777777777778","0.7777777777777778","0.6666666666666666","0.7777777777777778","8","10","10","12","8","10","10","8"
"24","full_image_color_x3_psm3","color","3","3","1047.9228249751031","10231.99001402827","11279.912839003373","0","3","False","0.7638888888888888","16","0","3","0","3","3","3","0","3","3","0","0","3","3","3","3","3","3","3","0","3","3","3","3","3","3","3","3","3","3","3","3","3","0","3","3","3","0","3","3","3","3","3","0","3","3","0","3","3","3","3","0","3","0","3","3","3","3","0","3","3","3","3","0","0","0","0","3","3","3","3","3","3","0.7777777777777778","0.75","0.25","0.75","0.75","0.875","1.0","0.75","0.75","0.875","0.875","0.7777777777777778","0.6666666666666666","0.6666666666666666","0.7777777777777778","0.8888888888888888","0.8888888888888888","0.6666666666666666","0.7777777777777778","12","10","10","10","8","10","14","8"
"25","full_image_autocontrast_x1_psm11","autocontrast","1","11","21.167237020563334","1714.780859008897","1735.9480960294604","0","3","False","0.7083333333333334","18","0","0","3","3","3","3","3","3","3","0","0","3","3","3","3","3","3","3","0","0","3","3","3","3","3","3","3","0","3","3","3","3","3","3","3","3","0","0","0","3","0","3","3","3","3","0","0","3","0","3","3","3","3","3","0","0","3","3","3","3","3","3","3","0","0","0","0","3","3","3","3","0","0.7222222222222222","0.6944444444444444","0.0","0.125","0.75","0.75","0.875","1.0","1.0","1.0","0.875","0.7777777777777778","0.7777777777777778","0.6666666666666666","0.5555555555555556","0.8888888888888888","0.7777777777777778","0.4444444444444444","0.7777777777777778","12","12","12","14","10","12","16","12"
"26","full_image_grayscale_x1_psm11","grayscale","1","11","7.0701660006307065","1781.7073830519803","1789.4182820455171","0","3","False","0.7083333333333334","18","0","0","3","3","3","3","3","3","3","0","0","3","3","3","3","3","3","3","0","0","3","3","3","3","3","3","3","0","3","3","3","3","3","3","3","3","0","0","0","3","0","3","3","3","3","0","0","3","0","3","3","3","3","3","0","0","3","3","3","3","3","3","3","0","0","0","0","3","3","3","3","0","0.7222222222222222","0.6944444444444444","0.0","0.125","0.75","0.75","0.875","1.0","1.0","1.0","0.875","0.7777777777777778","0.7777777777777778","0.6666666666666666","0.5555555555555556","0.8888888888888888","0.7777777777777778","0.4444444444444444","0.7777777777777778","12","12","12","14","10","12","16","12"
"27","full_image_autocontrast_x1_psm12","autocontrast","1","12","21.597853978164494","2070.356640033424","2092.176095000468","0","3","False","0.7083333333333334","18","0","0","3","3","3","3","3","3","3","0","0","3","3","3","3","3","3","3","0","0","3","3","3","3","3","3","3","0","3","3","3","3","3","3","3","3","0","0","0","3","0","3","3","3","3","0","0","3","0","3","3","3","3","3","0","0","3","3","3","3","3","3","3","0","0","0","0","3","3","3","3","0","0.7222222222222222","0.6944444444444444","0.0","0.125","0.75","0.75","0.875","1.0","1.0","1.0","0.875","0.7777777777777778","0.7777777777777778","0.6666666666666666","0.5555555555555556","0.8888888888888888","0.7777777777777778","0.4444444444444444","0.7777777777777778","12","12","12","14","10","12","16","12"
"28","full_image_grayscale_x1_psm12","grayscale","1","12","8.70413996744901","2194.206212006975","2200.8930610027164","0","3","False","0.7083333333333334","18","0","0","3","3","3","3","3","3","3","0","0","3","3","3","3","3","3","3","0","0","3","3","3","3","3","3","3","0","3","3","3","3","3","3","3","3","0","0","0","3","0","3","3","3","3","0","0","3","0","3","3","3","3","3","0","0","3","3","3","3","3","3","3","0","0","0","0","3","3","3","3","0","0.7222222222222222","0.6944444444444444","0.0","0.125","0.75","0.75","0.875","1.0","1.0","1.0","0.875","0.7777777777777778","0.7777777777777778","0.6666666666666666","0.5555555555555556","0.8888888888888888","0.7777777777777778","0.4444444444444444","0.7777777777777778","12","12","12","14","10","12","16","12"
"29","full_image_grayscale_x1_psm3","grayscale","1","3","6.120429025031626","1882.854045019485","1888.3884400129318","0","3","False","0.6944444444444444","16","0","0","3","3","3","3","3","3","3","0","0","0","3","3","3","3","3","3","0","0","3","3","3","3","3","3","3","0","0","0","3","3","3","3","3","3","0","0","3","0","3","3","3","3","3","0","0","3","0","3","3","3","3","3","0","0","3","3","3","3","3","3","3","0","0","0","0","3","3","3","3","3","0.75","0.6388888888888888","0.0","0.0","0.625","0.625","1.0","1.0","1.0","1.0","1.0","0.6666666666666666","0.7777777777777778","0.6666666666666666","0.6666666666666666","0.6666666666666666","0.7777777777777778","0.5555555555555556","0.7777777777777778","14","12","12","12","14","12","16","12"
"30","full_image_autocontrast_x1_psm3","autocontrast","1","3","24.027715029660612","1620.6256459699944","1644.9772830237634","0","3","False","0.6805555555555556","16","0","0","3","3","3","3","3","3","3","0","0","0","3","3","3","3","3","3","0","0","3","3","3","3","3","3","3","0","0","0","3","3","3","3","3","3","0","0","3","0","3","3","3","3","0","0","0","3","0","3","3","3","3","3","0","0","3","3","3","3","3","3","3","0","0","0","0","3","3","3","3","3","0.7222222222222222","0.6388888888888888","0.0","0.0","0.625","0.625","1.0","1.0","1.0","1.0","0.875","0.6666666666666666","0.7777777777777778","0.6666666666666666","0.5555555555555556","0.6666666666666666","0.7777777777777778","0.5555555555555556","0.7777777777777778","14","12","12","12","14","12","16","12"
"31","full_image_color_x1_psm11","color","1","11","4.902155022136867","2337.108410021756","2357.917912013363","0","3","False","0.6666666666666666","18","0","0","0","3","3","3","3","3","3","0","0","3","3","3","3","3","3","3","0","0","3","3","3","3","3","3","3","0","0","3","3","3","3","3","3","3","0","0","0","3","0","3","3","3","3","0","0","3","0","3","3","3","3","3","0","0","0","3","3","3","3","3","3","0","0","0","0","3","3","3","3","0","0.6666666666666666","0.6666666666666666","0.0","0.0","0.5","0.75","0.875","1.0","1.0","1.0","0.875","0.7777777777777778","0.6666666666666666","0.6666666666666666","0.5555555555555556","0.7777777777777778","0.7777777777777778","0.4444444444444444","0.6666666666666666","12","14","12","14","12","12","16","14"
"32","full_image_color_x1_psm12","color","1","12","4.357336962129921","2507.967783953063","2512.325120915193","0","3","False","0.6666666666666666","18","0","0","0","3","3","3","3","3","3","0","0","3","3","3","3","3","3","3","0","0","3","3","3","3","3","3","3","0","0","3","3","3","3","3","3","3","0","0","0","3","0","3","3","3","3","0","0","3","0","3","3","3","3","3","0","0","0","3","3","3","3","3","3","0","0","0","0","3","3","3","3","0","0.6666666666666666","0.6666666666666666","0.0","0.0","0.5","0.75","0.875","1.0","1.0","1.0","0.875","0.7777777777777778","0.6666666666666666","0.6666666666666666","0.5555555555555556","0.7777777777777778","0.7777777777777778","0.4444444444444444","0.6666666666666666","12","14","12","14","12","12","16","14"
"33","full_image_color_x1_psm3","color","1","3","5.768620991148055","2165.548395947553","2169.2639789544046","0","3","False","0.6527777777777778","16","0","0","0","3","3","3","3","3","3","0","0","0","3","3","3","3","3","3","0","0","3","3","3","3","3","3","3","0","0","3","3","3","3","3","3","3","0","0","0","0","3","3","3","3","3","0","0","0","0","3","3","3","3","3","0","0","0","3","3","3","3","3","3","0","0","0","0","3","3","3","3","3","0.6666666666666666","0.6388888888888888","0.0","0.0","0.25","0.625","1.0","1.0","1.0","1.0","1.0","0.6666666666666666","0.6666666666666666","0.5555555555555556","0.5555555555555556","0.7777777777777778","0.7777777777777778","0.5555555555555556","0.6666666666666666","14","14","16","16","12","12","16","14"
"34","full_image_color_x1_psm6","color","1","6","4.910405958071351","2108.066691958811","2111.4402279490605","0","3","False","0.6388888888888888","22","0","0","0","3","3","3","0","3","3","0","0","0","3","3","3","3","3","3","0","0","3","3","3","3","3","3","3","0","0","0","3","3","3","3","3","3","0","0","0","0","0","0","3","3","3","0","0","3","0","3","3","3","3","3","0","0","3","3","3","3","3","3","3","0","0","0","3","3","3","3","3","3","0.6111111111111112","0.6666666666666666","0.0","0.0","0.375","0.75","0.875","0.875","0.875","1.0","1.0","0.6666666666666666","0.5555555555555556","0.6666666666666666","0.3333333333333333","0.6666666666666666","0.7777777777777778","0.6666666666666666","0.7777777777777778","14","14","12","20","14","12","14","12"
"35","full_image_grayscale_x1_psm6","grayscale","1","6","6.263677962124348","1674.265357956756","1680.1174249267206","0","3","False","0.5833333333333334","22","0","0","3","0","3","3","0","3","3","0","0","3","3","0","3","3","3","3","0","0","3","3","3","3","3","3","3","0","0","3","3","3","0","3","3","3","0","0","0","0","0","0","3","3","3","0","0","0","0","3","3","3","3","3","0","0","0","0","3","3","3","3","3","0","0","0","0","3","3","3","3","3","0.5555555555555556","0.6111111111111112","0.0","0.0","0.5","0.375","0.75","0.75","0.875","1.0","1.0","0.6666666666666666","0.5555555555555556","0.5555555555555556","0.3333333333333333","0.6666666666666666","0.7777777777777778","0.5555555555555556","0.5555555555555556","12","12","16","20","12","12","16","16"
"36","full_image_autocontrast_x1_psm6","autocontrast","1","6","21.452940010931343","1602.0464309840463","1623.1434879591689","0","3","False","0.5694444444444444","","0","0","3","0","3","3","0","3","3","0","0","3","3","0","3","3","3","3","0","0","3","3","3","3","3","0","3","0","0","3","3","3","0","3","3","3","0","0","0","3","0","0","3","3","0","0","0","0","0","3","3","3","3","3","0","0","0","0","3","3","3","3","3","0","0","0","0","3","3","3","3","3","0.5277777777777778","0.6111111111111112","0.0","0.0","0.5","0.5","0.75","0.75","0.875","0.875","0.875","0.6666666666666666","0.5555555555555556","0.5555555555555556","0.3333333333333333","0.6666666666666666","0.6666666666666666","0.5555555555555556","0.5555555555555556","12","12","16","14","12","12","16","16"
"37","full_image_otsu_x1_psm3","otsu","1","3","22.28578901849687","1773.686908010859","1797.6050509605557","0","3","False","0.5138888888888888","20","0","0","0","0","0","3","3","3","3","0","0","3","3","3","3","3","3","3","0","0","0","0","3","3","3","3","3","0","0","0","3","3","3","3","3","3","0","0","0","0","3","0","3","0","3","0","0","0","0","3","3","3","3","0","0","0","0","3","3","0","3","0","3","0","0","0","0","3","0","3","3","3","0.4444444444444444","0.5833333333333334","0.0","0.0","0.125","0.375","0.875","0.625","1.0","0.75","0.875","0.7777777777777778","0.4444444444444444","0.4444444444444444","0.3333333333333333","0.6666666666666666","0.5555555555555556","0.4444444444444444","0.4444444444444444","12","18","16","16","14","16","16","14"
"38","full_image_otsu_x2_psm6","otsu","2","6","236.78328696405515","3035.5130020179786","3272.2962889820337","0","3","False","0.4861111111111111","","0","0","0","0","0","3","0","0","3","0","0","3","3","3","3","3","3","3","0","0","0","0","3","3","3","0","3","0","3","0","3","3","3","3","3","3","0","0","0","0","3","0","3","3","3","0","0","3","0","3","0","3","3","0","0","0","0","3","0","0","3","0","3","0","0","0","3","0","0","3","3","3","0.3611111111111111","0.6111111111111112","0.0","0.125","0.25","0.5","0.625","0.5","0.875","0.625","0.875","0.7777777777777778","0.2222222222222222","0.4444444444444444","0.4444444444444444","0.7777777777777778","0.4444444444444444","0.4444444444444444","0.3333333333333333","12","18","12","16","10","16","14","14"
"39","full_image_otsu_x1_psm6","otsu","1","6","23.937051999382675","1675.5507339839824","1696.5160179533996","0","3","False","0.4722222222222222","24","0","0","0","0","0","3","0","3","3","0","0","0","3","3","0","3","3","3","0","0","0","0","3","3","0","3","3","0","0","3","3","3","0","3","3","3","0","0","0","0","3","0","3","3","3","0","0","0","0","3","0","3","3","3","0","0","0","3","3","0","3","0","3","0","0","0","0","3","0","3","3","3","0.4166666666666667","0.5277777777777778","0.0","0.0","0.125","0.375","0.875","0.25","0.75","0.875","1.0","0.5555555555555556","0.3333333333333333","0.4444444444444444","0.4444444444444444","0.6666666666666666","0.4444444444444444","0.4444444444444444","0.4444444444444444","14","18","16","16","12","16","16","14"
"40","full_image_otsu_x1_psm11","otsu","1","11","21.239452995359898","1973.4581079683267","1994.4462719140574","0","3","False","0.4722222222222222","20","0","0","0","0","0","3","3","3","3","0","0","0","3","3","3","3","3","3","0","0","0","3","3","3","3","3","3","0","0","0","3","3","3","3","3","3","0","0","0","0","3","0","3","0","3","0","0","0","0","0","0","3","3","0","0","0","0","3","3","0","3","0","3","0","0","0","0","3","0","3","3","0","0.4722222222222222","0.4722222222222222","0.0","0.0","0.0","0.5","0.75","0.5","1.0","0.75","0.75","0.6666666666666666","0.4444444444444444","0.2222222222222222","0.3333333333333333","0.6666666666666666","0.6666666666666666","0.3333333333333333","0.4444444444444444","14","18","20","16","14","14","16","14"
"41","full_image_otsu_x1_psm12","otsu","1","12","27.876498003024608","2930.2088420372456","2965.5412080464885","0","3","False","0.4722222222222222","20","0","0","0","0","0","3","3","3","3","0","0","0","3","3","3","3","3","3","0","0","0","3","3","3","3","3","3","0","0","0","3","3","3","3","3","3","0","0","0","0","3","0","3","0","3","0","0","0","0","0","0","3","3","0","0","0","0","3","3","0","3","0","3","0","0","0","0","3","0","3","3","0","0.4722222222222222","0.4722222222222222","0.0","0.0","0.0","0.5","0.75","0.5","1.0","0.75","0.75","0.6666666666666666","0.4444444444444444","0.2222222222222222","0.3333333333333333","0.6666666666666666","0.6666666666666666","0.3333333333333333","0.4444444444444444","14","18","20","16","14","14","16","14"
"42","full_image_otsu_x2_psm11","otsu","2","11","239.12619502516463","3056.350603001192","3295.476798026357","0","3","False","0.4722222222222222","","0","0","0","0","0","3","0","0","3","0","0","3","3","0","3","3","3","3","0","0","0","0","3","3","3","0","3","0","0","0","3","3","3","3","3","3","0","0","0","0","3","0","3","0","3","0","0","0","3","3","0","3","3","3","0","0","0","0","3","0","3","3","0","0","0","0","0","3","3","3","3","3","0.3333333333333333","0.6111111111111112","0.0","0.0","0.125","0.375","0.75","0.625","0.875","0.625","0.875","0.6666666666666666","0.2222222222222222","0.5555555555555556","0.3333333333333333","0.6666666666666666","0.4444444444444444","0.5555555555555556","0.3333333333333333","12","18","14","16","14","16","16","16"
"43","full_image_otsu_x2_psm12","otsu","2","12","234.33228599606082","3597.447591018863","3831.779877014924","0","3","False","0.4722222222222222","","0","0","0","0","0","3","0","0","3","0","0","3","3","0","3","3","3","3","0","0","0","0","3","3","3","0","3","0","0","0","3","3","3","3","3","3","0","0","0","0","3","0","3","0","3","0","0","0","3","3","0","3","3","3","0","0","0","0","3","0","3","3","0","0","0","0","0","3","3","3","3","3","0.3333333333333333","0.6111111111111112","0.0","0.0","0.125","0.375","0.75","0.625","0.875","0.625","0.875","0.6666666666666666","0.2222222222222222","0.5555555555555556","0.3333333333333333","0.6666666666666666","0.4444444444444444","0.5555555555555556","0.3333333333333333","12","18","14","16","14","16","16","16"
"44","full_image_otsu_x2_psm3","otsu","2","3","245.66217698156834","3997.557308000978","4241.975740005728","0","3","False","0.4722222222222222","","0","0","0","0","0","3","0","3","3","0","0","3","3","0","3","3","3","3","0","0","0","0","3","3","3","0","3","0","0","0","3","3","3","3","3","3","0","0","0","0","3","0","3","0","3","0","0","0","3","0","0","3","3","3","0","0","0","0","3","0","3","3","3","0","0","0","0","3","3","3","3","0","0.3888888888888889","0.5555555555555556","0.0","0.0","0.125","0.375","0.625","0.625","0.875","0.75","0.875","0.6666666666666666","0.3333333333333333","0.4444444444444444","0.3333333333333333","0.6666666666666666","0.4444444444444444","0.4444444444444444","0.4444444444444444","12","18","14","16","14","16","16","16"
"45","full_image_otsu_x3_psm11","otsu","3","11","480.52210098830983","4708.384633995593","5181.553475034889","0","3","False","0.4722222222222222","20","0","0","0","0","0","3","3","3","3","0","0","3","3","3","3","3","3","3","0","0","0","0","3","3","3","0","3","0","0","0","3","3","3","3","3","3","0","0","0","0","3","0","3","0","3","0","0","0","3","3","0","3","3","3","0","0","0","0","3","0","3","0","0","0","0","0","0","0","0","3","3","3","0.3611111111111111","0.5833333333333334","0.0","0.0","0.125","0.375","0.75","0.5","1.0","0.625","0.875","0.7777777777777778","0.4444444444444444","0.5555555555555556","0.3333333333333333","0.6666666666666666","0.4444444444444444","0.3333333333333333","0.2222222222222222","12","18","14","16","14","16","20","16"
"46","full_image_otsu_x3_psm12","otsu","3","12","465.387528995052","5384.274120966438","5838.118934945669","0","3","False","0.4722222222222222","20","0","0","0","0","0","3","3","3","3","0","0","3","3","3","3","3","3","3","0","0","0","0","3","3","3","0","3","0","0","0","3","3","3","3","3","3","0","0","0","0","3","0","3","0","3","0","0","0","3","3","0","3","3","3","0","0","0","0","3","0","3","0","0","0","0","0","0","0","0","3","3","3","0.3611111111111111","0.5833333333333334","0.0","0.0","0.125","0.375","0.75","0.5","1.0","0.625","0.875","0.7777777777777778","0.4444444444444444","0.5555555555555556","0.3333333333333333","0.6666666666666666","0.4444444444444444","0.3333333333333333","0.2222222222222222","12","18","14","16","14","16","20","16"
"47","full_image_otsu_x3_psm3","otsu","3","3","474.52260000864044","4869.629223016091","5350.199714011978","0","3","False","0.4583333333333333","","0","0","0","0","0","3","0","3","3","0","0","3","3","3","3","3","0","3","0","0","0","0","3","3","3","0","3","0","0","0","3","3","3","3","3","3","0","0","0","0","3","0","3","0","3","0","0","0","3","3","0","3","3","3","0","0","0","0","3","0","3","0","0","0","3","0","0","0","0","3","3","3","0.3333333333333333","0.5833333333333334","0.0","0.125","0.125","0.375","0.75","0.5","0.875","0.5","0.875","0.6666666666666666","0.3333333333333333","0.5555555555555556","0.3333333333333333","0.6666666666666666","0.4444444444444444","0.4444444444444444","0.2222222222222222","12","18","14","16","14","16","10","16"
"48","full_image_otsu_x3_psm6","otsu","3","6","478.74130902346224","4776.323347003199","5221.718911023345","0","3","False","0.4305555555555556","","0","0","0","0","0","3","0","3","3","0","0","3","3","3","3","3","3","3","0","0","0","0","3","3","3","0","3","0","0","0","3","3","3","3","3","0","0","0","0","0","0","0","3","0","3","0","0","3","0","3","0","3","3","3","0","0","0","0","3","0","3","0","0","0","0","0","3","0","0","3","3","0","0.3055555555555556","0.5555555555555556","0.0","0.0","0.25","0.375","0.625","0.5","0.875","0.625","0.625","0.7777777777777778","0.3333333333333333","0.5555555555555556","0.2222222222222222","0.5555555555555556","0.4444444444444444","0.3333333333333333","0.2222222222222222","12","18","12","20","14","16","14","16"
